Year,Month,Day,Count
11,01,01,1548
11,01,02,712
11,01,03,885
11,01,04,845
11,01,05,896
11,01,06,889
11,01,07,937
11,01,08,837
11,01,09,749
11,01,10,918
11,01,11,846
11,01,12,910
11,01,13,937
11,01,14,987
11,01,15,895
11,01,16,769
11,01,17,809
11,01,18,884
11,01,19,933
11,01,20,818
11,01,21,840
11,01,22,756
11,01,23,811
11,01,24,844
11,01,25,914
11,01,26,919
11,01,27,842
11,01,28,902
11,01,29,826
11,01,30,756
11,01,31,794
11,02,01,700
11,02,02,320
11,02,03,524
11,02,04,669
11,02,05,705
11,02,06,653
11,02,07,763
11,02,08,718
11,02,09,762
11,02,10,780
11,02,11,891
11,02,12,828
11,02,13,780
11,02,14,876
11,02,15,920
11,02,16,935
11,02,17,980
11,02,18,1071
11,02,19,882
11,02,20,761
11,02,21,705
11,02,22,855
11,02,23,860
11,02,24,882
11,02,25,910
11,02,26,856
11,02,27,783
11,02,28,866
11,03,01,1055
11,03,02,822
11,03,03,933
11,03,04,941
11,03,05,783
11,03,06,723
11,03,07,847
11,03,08,916
11,03,09,931
11,03,10,946
11,03,11,1076
11,03,12,959
11,03,13,777
11,03,14,918
11,03,15,930
11,03,16,1054
11,03,17,1077
11,03,18,1104
11,03,19,928
11,03,20,806
11,03,21,985
11,03,22,916
11,03,23,936
11,03,24,893
11,03,25,1022
11,03,26,862
11,03,27,845
11,03,28,899
11,03,29,917
11,03,30,939
11,03,31,959
11,04,01,1080
11,04,02,1106
11,04,03,947
11,04,04,1031
11,04,05,992
11,04,06,1029
11,04,07,970
11,04,08,1028
11,04,09,948
11,04,10,1113
11,04,11,1006
11,04,12,969
11,04,13,1034
11,04,14,1028
11,04,15,1023
11,04,16,924
11,04,17,913
11,04,18,905
11,04,19,777
11,04,20,880
11,04,21,892
11,04,22,894
11,04,23,986
11,04,24,848
11,04,25,930
11,04,26,947
11,04,27,988
11,04,28,963
11,04,29,979
11,04,30,976
11,05,01,1147
11,05,02,966
11,05,03,993
11,05,04,1025
11,05,05,1078
11,05,06,1063
11,05,07,973
11,05,08,942
11,05,09,1057
11,05,10,1076
11,05,11,1111
11,05,12,1045
11,05,13,1174
11,05,14,929
11,05,15,918
11,05,16,968
11,05,17,1040
11,05,18,955
11,05,19,1060
11,05,20,1115
11,05,21,966
11,05,22,1015
11,05,23,1053
11,05,24,1038
11,05,25,976
11,05,26,949
11,05,27,1032
11,05,28,948
11,05,29,883
11,05,30,1004
11,05,31,1091
11,06,01,1218
11,06,02,1177
11,06,03,1113
11,06,04,1101
11,06,05,1032
11,06,06,1071
11,06,07,1096
11,06,08,1081
11,06,09,962
11,06,10,1148
11,06,11,1020
11,06,12,1006
11,06,13,1054
11,06,14,1101
11,06,15,1107
11,06,16,1029
11,06,17,1175
11,06,18,1058
11,06,19,1049
11,06,20,1107
11,06,21,1067
11,06,22,1039
11,06,23,1046
11,06,24,1029
11,06,25,1112
11,06,26,1097
11,06,27,1000
11,06,28,1079
11,06,29,1107
11,06,30,1033
11,07,01,1132
11,07,02,1132
11,07,03,983
11,07,04,1030
11,07,05,1146
11,07,06,1087
11,07,07,1073
11,07,08,1028
11,07,09,1073
11,07,10,1080
11,07,11,1090
11,07,12,1089
11,07,13,1118
11,07,14,1069
11,07,15,1189
11,07,16,1103
11,07,17,1042
11,07,18,1051
11,07,19,1069
11,07,20,1019
11,07,21,1011
11,07,22,1128
11,07,23,1038
11,07,24,1001
11,07,25,1062
11,07,26,1039
11,07,27,1094
11,07,28,1090
11,07,29,1066
11,07,30,1075
11,07,31,1049
11,08,01,1235
11,08,02,1022
11,08,03,1126
11,08,04,1146
11,08,05,1146
11,08,06,1107
11,08,07,929
11,08,08,924
11,08,09,997
11,08,10,1016
11,08,11,1053
11,08,12,1130
11,08,13,1038
11,08,14,972
11,08,15,1035
11,08,16,953
11,08,17,1032
11,08,18,1072
11,08,19,1169
11,08,20,1083
11,08,21,1007
11,08,22,1021
11,08,23,990
11,08,24,1032
11,08,25,1091
11,08,26,1049
11,08,27,1050
11,08,28,1009
11,08,29,1034
11,08,30,1045
11,08,31,1078
11,09,01,1183
11,09,02,1090
11,09,03,997
11,09,04,971
11,09,05,935
11,09,06,942
11,09,07,992
11,09,08,934
11,09,09,1076
11,09,10,1092
11,09,11,965
11,09,12,1055
11,09,13,1029
11,09,14,983
11,09,15,963
11,09,16,1064
11,09,17,978
11,09,18,918
11,09,19,989
11,09,20,968
11,09,21,978
11,09,22,1130
11,09,23,1014
11,09,24,949
11,09,25,910
11,09,26,942
11,09,27,948
11,09,28,937
11,09,29,986
11,09,30,1022
11,10,01,1073
11,10,02,927
11,10,03,940
11,10,04,970
11,10,05,967
11,10,06,971
11,10,07,1055
11,10,08,1015
11,10,09,1003
11,10,10,896
11,10,11,1025
11,10,12,1066
11,10,13,828
11,10,14,1021
11,10,15,962
11,10,16,893
11,10,17,918
11,10,18,919
11,10,19,878
11,10,20,888
11,10,21,1010
11,10,22,1010
11,10,23,1042
11,10,24,1023
11,10,25,1060
11,10,26,977
11,10,27,956
11,10,28,1046
11,10,29,948
11,10,30,954
11,10,31,1036
11,11,01,1203
11,11,02,974
11,11,03,861
11,11,04,1005
11,11,05,904
11,11,06,941
11,11,07,869
11,11,08,871
11,11,09,892
11,11,10,865
11,11,11,958
11,11,12,998
11,11,13,934
11,11,14,963
11,11,15,1060
11,11,16,884
11,11,17,910
11,11,18,930
11,11,19,911
11,11,20,916
11,11,21,932
11,11,22,852
11,11,23,975
11,11,24,711
11,11,25,934
11,11,26,878
11,11,27,826
11,11,28,898
11,11,29,892
11,11,30,894
11,12,01,1053
11,12,02,1000
11,12,03,876
11,12,04,884
11,12,05,935
11,12,06,875
11,12,07,834
11,12,08,830
11,12,09,861
11,12,10,882
11,12,11,836
11,12,12,922
11,12,13,976
11,12,14,910
11,12,15,935
11,12,16,950
11,12,17,816
11,12,18,832
11,12,19,940
11,12,20,980
11,12,21,937
11,12,22,880
11,12,23,923
11,12,24,734
11,12,25,518
11,12,26,713
11,12,27,786
11,12,28,852
11,12,29,864
11,12,30,898
11,12,31,791
12,01,01,1526
12,01,02,702
12,01,03,808
12,01,04,799
12,01,05,871
12,01,06,913
12,01,07,862
12,01,08,800
12,01,09,883
12,01,10,899
12,01,11,886
12,01,12,745
12,01,13,752
12,01,14,780
12,01,15,772
12,01,16,826
12,01,17,844
12,01,18,791
12,01,19,748
12,01,20,685
12,01,21,717
12,01,22,682
12,01,23,834
12,01,24,898
12,01,25,962
12,01,26,924
12,01,27,932
12,01,28,808
12,01,29,813
12,01,30,868
12,01,31,964
12,02,01,1040
12,02,02,880
12,02,03,897
12,02,04,848
12,02,05,744
12,02,06,765
12,02,07,858
12,02,08,811
12,02,09,828
12,02,10,775
12,02,11,712
12,02,12,717
12,02,13,729
12,02,14,775
12,02,15,927
12,02,16,869
12,02,17,986
12,02,18,763
12,02,19,785
12,02,20,716
12,02,21,850
12,02,22,897
12,02,23,818
12,02,24,784
12,02,25,792
12,02,26,727
12,02,27,818
12,02,28,893
12,02,29,875
12,03,01,1042
12,03,02,881
12,03,03,779
12,03,04,757
12,03,05,764
12,03,06,938
12,03,07,950
12,03,08,922
12,03,09,958
12,03,10,891
12,03,11,805
12,03,12,912
12,03,13,926
12,03,14,930
12,03,15,1000
12,03,16,956
12,03,17,1069
12,03,18,919
12,03,19,979
12,03,20,992
12,03,21,1076
12,03,22,979
12,03,23,976
12,03,24,905
12,03,25,885
12,03,26,831
12,03,27,868
12,03,28,911
12,03,29,948
12,03,30,941
12,03,31,878
12,04,01,999
12,04,02,828
12,04,03,883
12,04,04,865
12,04,05,881
12,04,06,903
12,04,07,974
12,04,08,820
12,04,09,918
12,04,10,844
12,04,11,920
12,04,12,922
12,04,13,939
12,04,14,944
12,04,15,977
12,04,16,931
12,04,17,959
12,04,18,879
12,04,19,961
12,04,20,917
12,04,21,876
12,04,22,824
12,04,23,935
12,04,24,896
12,04,25,952
12,04,26,925
12,04,27,962
12,04,28,878
12,04,29,803
12,04,30,869
12,05,01,1064
12,05,02,998
12,05,03,981
12,05,04,1031
12,05,05,950
12,05,06,843
12,05,07,973
12,05,08,1025
12,05,09,977
12,05,10,916
12,05,11,998
12,05,12,932
12,05,13,819
12,05,14,1004
12,05,15,1040
12,05,16,947
12,05,17,954
12,05,18,977
12,05,19,930
12,05,20,956
12,05,21,886
12,05,22,950
12,05,23,1072
12,05,24,1023
12,05,25,1083
12,05,26,910
12,05,27,927
12,05,28,1030
12,05,29,1094
12,05,30,985
12,05,31,829
12,06,01,1221
12,06,02,944
12,06,03,991
12,06,04,980
12,06,05,950
12,06,06,1024
12,06,07,991
12,06,08,1114
12,06,09,1049
12,06,10,1008
12,06,11,1066
12,06,12,1089
12,06,13,1076
12,06,14,979
12,06,15,1081
12,06,16,1062
12,06,17,946
12,06,18,1068
12,06,19,1004
12,06,20,1098
12,06,21,1056
12,06,22,1120
12,06,23,1128
12,06,24,1077
12,06,25,965
12,06,26,957
12,06,27,1047
12,06,28,939
12,06,29,1045
12,06,30,1011
12,07,01,1190
12,07,02,1056
12,07,03,1060
12,07,04,1045
12,07,05,1010
12,07,06,1027
12,07,07,1062
12,07,08,1093
12,07,09,1065
12,07,10,1054
12,07,11,1030
12,07,12,1040
12,07,13,1084
12,07,14,1054
12,07,15,1125
12,07,16,988
12,07,17,1004
12,07,18,977
12,07,19,921
12,07,20,1072
12,07,21,1065
12,07,22,985
12,07,23,988
12,07,24,967
12,07,25,1012
12,07,26,976
12,07,27,1040
12,07,28,1044
12,07,29,1017
12,07,30,999
12,07,31,933
12,08,01,1107
12,08,02,1019
12,08,03,1061
12,08,04,1000
12,08,05,960
12,08,06,962
12,08,07,952
12,08,08,973
12,08,09,936
12,08,10,914
12,08,11,994
12,08,12,944
12,08,13,868
12,08,14,961
12,08,15,1063
12,08,16,937
12,08,17,963
12,08,18,986
12,08,19,940
12,08,20,893
12,08,21,921
12,08,22,890
12,08,23,1031
12,08,24,1032
12,08,25,1080
12,08,26,905
12,08,27,902
12,08,28,953
12,08,29,955
12,08,30,929
12,08,31,1015
12,09,01,1179
12,09,02,895
12,09,03,890
12,09,04,914
12,09,05,861
12,09,06,1018
12,09,07,960
12,09,08,985
12,09,09,910
12,09,10,880
12,09,11,913
12,09,12,936
12,09,13,868
12,09,14,997
12,09,15,1012
12,09,16,897
12,09,17,901
12,09,18,831
12,09,19,914
12,09,20,920
12,09,21,998
12,09,22,871
12,09,23,827
12,09,24,869
12,09,25,922
12,09,26,934
12,09,27,839
12,09,28,983
12,09,29,970
12,09,30,869
12,10,01,1054
12,10,02,906
12,10,03,919
12,10,04,880
12,10,05,914
12,10,06,807
12,10,07,768
12,10,08,901
12,10,09,892
12,10,10,962
12,10,11,866
12,10,12,964
12,10,13,875
12,10,14,860
12,10,15,939
12,10,16,874
12,10,17,956
12,10,18,898
12,10,19,942
12,10,20,961
12,10,21,927
12,10,22,839
12,10,23,893
12,10,24,1018
12,10,25,851
12,10,26,963
12,10,27,861
12,10,28,827
12,10,29,833
12,10,30,873
12,10,31,951
12,11,01,1074
12,11,02,932
12,11,03,802
12,11,04,731
12,11,05,890
12,11,06,786
12,11,07,875
12,11,08,853
12,11,09,1001
12,11,10,977
12,11,11,884
12,11,12,795
12,11,13,826
12,11,14,847
12,11,15,947
12,11,16,941
12,11,17,874
12,11,18,849
12,11,19,866
12,11,20,925
12,11,21,892
12,11,22,660
12,11,23,787
12,11,24,838
12,11,25,813
12,11,26,799
12,11,27,808
12,11,28,858
12,11,29,916
12,11,30,991
12,12,01,1058
12,12,02,842
12,12,03,933
12,12,04,917
12,12,05,861
12,12,06,876
12,12,07,897
12,12,08,778
12,12,09,761
12,12,10,853
12,12,11,826
12,12,12,914
12,12,13,808
12,12,14,954
12,12,15,858
12,12,16,789
12,12,17,829
12,12,18,851
12,12,19,877
12,12,20,828
12,12,21,778
12,12,22,732
12,12,23,763
12,12,24,709
12,12,25,522
12,12,26,621
12,12,27,684
12,12,28,855
12,12,29,806
12,12,30,707
12,12,31,740
13,01,01,1413
13,01,02,750
13,01,03,774
13,01,04,866
13,01,05,788
13,01,06,698
13,01,07,818
13,01,08,755
13,01,09,884
13,01,10,848
13,01,11,905
13,01,12,763
13,01,13,709
13,01,14,744
13,01,15,841
13,01,16,831
13,01,17,849
13,01,18,927
13,01,19,885
13,01,20,688
13,01,21,665
13,01,22,692
13,01,23,797
13,01,24,863
13,01,25,824
13,01,26,797
13,01,27,704
13,01,28,907
13,01,29,906
13,01,30,856
13,01,31,753
13,02,01,889
13,02,02,738
13,02,03,592
13,02,04,728
13,02,05,789
13,02,06,826
13,02,07,753
13,02,08,816
13,02,09,800
13,02,10,762
13,02,11,760
13,02,12,784
13,02,13,860
13,02,14,749
13,02,15,933
13,02,16,691
13,02,17,692
13,02,18,756
13,02,19,749
13,02,20,768
13,02,21,768
13,02,22,763
13,02,23,697
13,02,24,676
13,02,25,757
13,02,26,674
13,02,27,825
13,02,28,808
13,03,01,1004
13,03,02,766
13,03,03,717
13,03,04,814
13,03,05,696
13,03,06,724
13,03,07,832
13,03,08,880
13,03,09,838
13,03,10,694
13,03,11,824
13,03,12,841
13,03,13,824
13,03,14,841
13,03,15,878
13,03,16,827
13,03,17,773
13,03,18,794
13,03,19,771
13,03,20,789
13,03,21,759
13,03,22,864
13,03,23,783
13,03,24,789
13,03,25,758
13,03,26,775
13,03,27,775
13,03,28,833
13,03,29,873
13,03,30,868
13,03,31,767
13,04,01,953
13,04,02,839
13,04,03,827
13,04,04,934
13,04,05,900
13,04,06,808
13,04,07,796
13,04,08,896
13,04,09,825
13,04,10,852
13,04,11,813
13,04,12,922
13,04,13,842
13,04,14,827
13,04,15,843
13,04,16,862
13,04,17,719
13,04,18,797
13,04,19,847
13,04,20,804
13,04,21,773
13,04,22,915
13,04,23,764
13,04,24,907
13,04,25,875
13,04,26,962
13,04,27,869
13,04,28,794
13,04,29,904
13,04,30,861
13,05,01,1168
13,05,02,827
13,05,03,903
13,05,04,913
13,05,05,827
13,05,06,878
13,05,07,909
13,05,08,965
13,05,09,837
13,05,10,915
13,05,11,833
13,05,12,833
13,05,13,895
13,05,14,906
13,05,15,1037
13,05,16,973
13,05,17,988
13,05,18,946
13,05,19,850
13,05,20,961
13,05,21,931
13,05,22,910
13,05,23,840
13,05,24,935
13,05,25,838
13,05,26,778
13,05,27,771
13,05,28,848
13,05,29,904
13,05,30,946
13,05,31,933
13,06,01,1081
13,06,02,832
13,06,03,914
13,06,04,858
13,06,05,904
13,06,06,960
13,06,07,878
13,06,08,923
13,06,09,831
13,06,10,888
13,06,11,856
13,06,12,830
13,06,13,916
13,06,14,1008
13,06,15,897
13,06,16,957
13,06,17,1022
13,06,18,930
13,06,19,900
13,06,20,969
13,06,21,904
13,06,22,922
13,06,23,889
13,06,24,825
13,06,25,913
13,06,26,953
13,06,27,875
13,06,28,910
13,06,29,903
13,06,30,934
13,07,01,1078
13,07,02,879
13,07,03,879
13,07,04,946
13,07,05,989
13,07,06,886
13,07,07,903
13,07,08,884
13,07,09,884
13,07,10,872
13,07,11,885
13,07,12,947
13,07,13,947
13,07,14,946
13,07,15,1018
13,07,16,907
13,07,17,932
13,07,18,920
13,07,19,904
13,07,20,918
13,07,21,929
13,07,22,1002
13,07,23,925
13,07,24,964
13,07,25,918
13,07,26,991
13,07,27,895
13,07,28,859
13,07,29,891
13,07,30,891
13,07,31,843
13,08,01,1025
13,08,02,969
13,08,03,972
13,08,04,922
13,08,05,853
13,08,06,905
13,08,07,940
13,08,08,911
13,08,09,987
13,08,10,1019
13,08,11,896
13,08,12,983
13,08,13,900
13,08,14,882
13,08,15,924
13,08,16,925
13,08,17,944
13,08,18,882
13,08,19,938
13,08,20,962
13,08,21,864
13,08,22,905
13,08,23,906
13,08,24,941
13,08,25,949
13,08,26,942
13,08,27,885
13,08,28,902
13,08,29,872
13,08,30,934
13,08,31,816
13,09,01,1113
13,09,02,928
13,09,03,873
13,09,04,839
13,09,05,926
13,09,06,897
13,09,07,921
13,09,08,866
13,09,09,868
13,09,10,916
13,09,11,872
13,09,12,857
13,09,13,887
13,09,14,829
13,09,15,835
13,09,16,776
13,09,17,837
13,09,18,854
13,09,19,851
13,09,20,946
13,09,21,904
13,09,22,757
13,09,23,849
13,09,24,921
13,09,25,886
13,09,26,856
13,09,27,965
13,09,28,923
13,09,29,758
13,09,30,833
13,10,01,1099
13,10,02,869
13,10,03,859
13,10,04,874
13,10,05,852
13,10,06,743
13,10,07,777
13,10,08,801
13,10,09,881
13,10,10,855
13,10,11,871
13,10,12,821
13,10,13,779
13,10,14,783
13,10,15,783
13,10,16,801
13,10,17,778
13,10,18,837
13,10,19,778
13,10,20,808
13,10,21,779
13,10,22,750
13,10,23,751
13,10,24,766
13,10,25,843
13,10,26,745
13,10,27,750
13,10,28,840
13,10,29,851
13,10,30,831
13,10,31,921
13,11,01,1012
13,11,02,776
13,11,03,798
13,11,04,830
13,11,05,828
13,11,06,785
13,11,07,772
13,11,08,864
13,11,09,773
13,11,10,753
13,11,11,686
13,11,12,688
13,11,13,826
13,11,14,765
13,11,15,934
13,11,16,763
13,11,17,740
13,11,18,858
13,11,19,850
13,11,20,869
13,11,21,863
13,11,22,852
13,11,23,672
13,11,24,640
13,11,25,680
13,11,26,831
13,11,27,733
13,11,28,567
13,11,29,807
13,11,30,746
13,12,01,875
13,12,02,790
13,12,03,856
13,12,04,867
13,12,05,764
13,12,06,725
13,12,07,649
13,12,08,610
13,12,09,629
13,12,10,635
13,12,11,650
13,12,12,661
13,12,13,799
13,12,14,653
13,12,15,630
13,12,16,707
13,12,17,756
13,12,18,763
13,12,19,798
13,12,20,859
13,12,21,784
13,12,22,753
13,12,23,679
13,12,24,542
13,12,25,426
13,12,26,604
13,12,27,735
13,12,28,741
13,12,29,718
13,12,30,640
13,12,31,561
14,01,01,1195
14,01,02,484
14,01,03,562
14,01,04,577
14,01,05,404
14,01,06,367
14,01,07,467
14,01,08,598
14,01,09,614
14,01,10,635
14,01,11,654
14,01,12,687
14,01,13,761
14,01,14,687
14,01,15,745
14,01,16,688
14,01,17,746
14,01,18,663
14,01,19,648
14,01,20,695
14,01,21,590
14,01,22,624
14,01,23,624
14,01,24,687
14,01,25,678
14,01,26,595
14,01,27,546
14,01,28,595
14,01,29,728
14,01,30,752
14,01,31,744
14,02,01,789
14,02,02,580
14,02,03,677
14,02,04,645
14,02,05,559
14,02,06,611
14,02,07,693
14,02,08,602
14,02,09,648
14,02,10,620
14,02,11,595
14,02,12,606
14,02,13,642
14,02,14,695
14,02,15,638
14,02,16,585
14,02,17,598
14,02,18,632
14,02,19,710
14,02,20,648
14,02,21,718
14,02,22,647
14,02,23,631
14,02,24,634
14,02,25,649
14,02,26,662
14,02,27,613
14,02,28,700
14,03,01,737
14,03,02,551
14,03,03,594
14,03,04,627
14,03,05,637
14,03,06,660
14,03,07,758
14,03,08,684
14,03,09,621
14,03,10,815
14,03,11,698
14,03,12,660
14,03,13,718
14,03,14,827
14,03,15,844
14,03,16,638
14,03,17,705
14,03,18,818
14,03,19,761
14,03,20,783
14,03,21,801
14,03,22,737
14,03,23,647
14,03,24,697
14,03,25,700
14,03,26,724
14,03,27,719
14,03,28,786
14,03,29,771
14,03,30,737
14,03,31,736
14,04,01,922
14,04,02,725
14,04,03,715
14,04,04,811
14,04,05,752
14,04,06,709
14,04,07,762
14,04,08,748
14,04,09,776
14,04,10,811
14,04,11,785
14,04,12,872
14,04,13,679
14,04,14,688
14,04,15,748
14,04,16,772
14,04,17,836
14,04,18,787
14,04,19,754
14,04,20,689
14,04,21,730
14,04,22,736
14,04,23,737
14,04,24,768
14,04,25,848
14,04,26,778
14,04,27,672
14,04,28,723
14,04,29,788
14,04,30,798
14,05,01,875
14,05,02,864
14,05,03,745
14,05,04,721
14,05,05,845
14,05,06,825
14,05,07,769
14,05,08,767
14,05,09,863
14,05,10,817
14,05,11,744
14,05,12,813
14,05,13,813
14,05,14,787
14,05,15,753
14,05,16,841
14,05,17,803
14,05,18,859
14,05,19,787
14,05,20,764
14,05,21,834
14,05,22,789
14,05,23,807
14,05,24,759
14,05,25,824
14,05,26,778
14,05,27,764
14,05,28,801
14,05,29,776
14,05,30,828
14,05,31,848
14,06,01,1035
14,06,02,876
14,06,03,898
14,06,04,775
14,06,05,803
14,06,06,859
14,06,07,869
14,06,08,773
14,06,09,823
14,06,10,673
14,06,11,773
14,06,12,822
14,06,13,936
14,06,14,842
14,06,15,882
14,06,16,872
14,06,17,888
14,06,18,771
14,06,19,824
14,06,20,887
14,06,21,865
14,06,22,867
14,06,23,830
14,06,24,861
14,06,25,855
14,06,26,826
14,06,27,898
14,06,28,853
14,06,29,906
14,06,30,801
14,07,01,1008
14,07,02,819
14,07,03,886
14,07,04,838
14,07,05,898
14,07,06,873
14,07,07,899
14,07,08,817
14,07,09,854
14,07,10,821
14,07,11,943
14,07,12,810
14,07,13,849
14,07,14,813
14,07,15,817
14,07,16,845
14,07,17,808
14,07,18,874
14,07,19,868
14,07,20,844
14,07,21,810
14,07,22,833
14,07,23,861
14,07,24,853
14,07,25,925
14,07,26,875
14,07,27,890
14,07,28,873
14,07,29,804
14,07,30,793
14,07,31,861
14,08,01,1079
14,08,02,895
14,08,03,846
14,08,04,782
14,08,05,825
14,08,06,808
14,08,07,842
14,08,08,818
14,08,09,887
14,08,10,855
14,08,11,874
14,08,12,760
14,08,13,856
14,08,14,795
14,08,15,863
14,08,16,854
14,08,17,862
14,08,18,815
14,08,19,776
14,08,20,834
14,08,21,778
14,08,22,816
14,08,23,822
14,08,24,856
14,08,25,778
14,08,26,804
14,08,27,782
14,08,28,738
14,08,29,885
14,08,30,867
14,08,31,830
14,09,01,1012
14,09,02,799
14,09,03,723
14,09,04,748
14,09,05,843
14,09,06,814
14,09,07,823
14,09,08,687
14,09,09,788
14,09,10,706
14,09,11,748
14,09,12,718
14,09,13,685
14,09,14,760
14,09,15,738
14,09,16,749
14,09,17,796
14,09,18,868
14,09,19,876
14,09,20,846
14,09,21,791
14,09,22,769
14,09,23,835
14,09,24,836
14,09,25,750
14,09,26,879
14,09,27,892
14,09,28,837
14,09,29,799
14,09,30,781
14,10,01,976
14,10,02,805
14,10,03,779
14,10,04,723
14,10,05,716
14,10,06,722
14,10,07,758
14,10,08,746
14,10,09,686
14,10,10,741
14,10,11,800
14,10,12,691
14,10,13,705
14,10,14,730
14,10,15,773
14,10,16,746
14,10,17,868
14,10,18,836
14,10,19,744
14,10,20,758
14,10,21,777
14,10,22,727
14,10,23,776
14,10,24,879
14,10,25,802
14,10,26,751
14,10,27,812
14,10,28,770
14,10,29,795
14,10,30,779
14,10,31,824
14,11,01,907
14,11,02,727
14,11,03,774
14,11,04,776
14,11,05,743
14,11,06,669
14,11,07,781
14,11,08,746
14,11,09,685
14,11,10,776
14,11,11,674
14,11,12,595
14,11,13,662
14,11,14,753
14,11,15,749
14,11,16,675
14,11,17,624
14,11,18,624
14,11,19,633
14,11,20,633
14,11,21,733
14,11,22,728
14,11,23,688
14,11,24,591
14,11,25,662
14,11,26,677
14,11,27,453
14,11,28,605
14,11,29,705
14,11,30,722
14,12,01,813
14,12,02,650
14,12,03,750
14,12,04,691
14,12,05,802
14,12,06,660
14,12,07,595
14,12,08,709
14,12,09,652
14,12,10,726
14,12,11,638
14,12,12,727
14,12,13,768
14,12,14,713
14,12,15,728
14,12,16,660
14,12,17,736
14,12,18,667
14,12,19,768
14,12,20,739
14,12,21,650
14,12,22,647
14,12,23,673
14,12,24,568
14,12,25,440
14,12,26,625
14,12,27,717
14,12,28,632
14,12,29,678
14,12,30,571
14,12,31,585
15,01,01,1216
15,01,02,673
15,01,03,648
15,01,04,514
15,01,05,523
15,01,06,503
15,01,07,474
15,01,08,447
15,01,09,590
15,01,10,647
15,01,11,649
15,01,12,607
15,01,13,612
15,01,14,675
15,01,15,763
15,01,16,710
15,01,17,741
15,01,18,697
15,01,19,708
15,01,20,793
15,01,21,745
15,01,22,752
15,01,23,800
15,01,24,756
15,01,25,646
15,01,26,656
15,01,27,674
15,01,28,646
15,01,29,703
15,01,30,714
15,01,31,636
15,02,01,559
15,02,02,473
15,02,03,511
15,02,04,577
15,02,05,572
15,02,06,693
15,02,07,679
15,02,08,615
15,02,09,607
15,02,10,629
15,02,11,606
15,02,12,610
15,02,13,632
15,02,14,597
15,02,15,552
15,02,16,537
15,02,17,597
15,02,18,511
15,02,19,463
15,02,20,650
15,02,21,652
15,02,22,592
15,02,23,571
15,02,24,627
15,02,25,571
15,02,26,517
15,02,27,638
15,02,28,545
15,03,01,755
15,03,02,658
15,03,03,635
15,03,04,561
15,03,05,612
15,03,06,712
15,03,07,696
15,03,08,625
15,03,09,726
15,03,10,753
15,03,11,746
15,03,12,751
15,03,13,814
15,03,14,798
15,03,15,778
15,03,16,779
15,03,17,692
15,03,18,689
15,03,19,717
15,03,20,775
15,03,21,689
15,03,22,656
15,03,23,592
15,03,24,639
15,03,25,723
15,03,26,684
15,03,27,725
15,03,28,657
15,03,29,619
15,03,30,719
15,03,31,693
15,04,01,925
15,04,02,794
15,04,03,710
15,04,04,693
15,04,05,673
15,04,06,676
15,04,07,603
15,04,08,679
15,04,09,648
15,04,10,714
15,04,11,720
15,04,12,773
15,04,13,734
15,04,14,767
15,04,15,798
15,04,16,686
15,04,17,785
15,04,18,769
15,04,19,703
15,04,20,743
15,04,21,663
15,04,22,682
15,04,23,731
15,04,24,761
15,04,25,695
15,04,26,718
15,04,27,721
15,04,28,718
15,04,29,766
15,04,30,666
15,05,01,949
15,05,02,685
15,05,03,745
15,05,04,778
15,05,05,696
15,05,06,739
15,05,07,825
15,05,08,807
15,05,09,685
15,05,10,741
15,05,11,747
15,05,12,757
15,05,13,767
15,05,14,755
15,05,15,822
15,05,16,882
15,05,17,836
15,05,18,757
15,05,19,707
15,05,20,729
15,05,21,744
15,05,22,824
15,05,23,798
15,05,24,687
15,05,25,708
15,05,26,770
15,05,27,737
15,05,28,800
15,05,29,828
15,05,30,719
15,05,31,666
15,06,01,953
15,06,02,772
15,06,03,777
15,06,04,721
15,06,05,786
15,06,06,758
15,06,07,739
15,06,08,681
15,06,09,730
15,06,10,793
15,06,11,802
15,06,12,827
15,06,13,813
15,06,14,794
15,06,15,739
15,06,16,847
15,06,17,722
15,06,18,768
15,06,19,775
15,06,20,766
15,06,21,783
15,06,22,780
15,06,23,732
15,06,24,728
15,06,25,784
15,06,26,784
15,06,27,723
15,06,28,797
15,06,29,751
15,06,30,748
15,07,01,887
15,07,02,757
15,07,03,768
15,07,04,845
15,07,05,898
15,07,06,757
15,07,07,701
15,07,08,718
15,07,09,671
15,07,10,738
15,07,11,798
15,07,12,801
15,07,13,782
15,07,14,711
15,07,15,793
15,07,16,672
15,07,17,824
15,07,18,776
15,07,19,762
15,07,20,778
15,07,21,776
15,07,22,774
15,07,23,810
15,07,24,867
15,07,25,831
15,07,26,802
15,07,27,835
15,07,28,767
15,07,29,763
15,07,30,775
15,07,31,780
15,08,01,1043
15,08,02,821
15,08,03,729
15,08,04,761
15,08,05,771
15,08,06,809
15,08,07,839
15,08,08,849
15,08,09,745
15,08,10,808
15,08,11,790
15,08,12,760
15,08,13,783
15,08,14,808
15,08,15,823
15,08,16,865
15,08,17,741
15,08,18,761
15,08,19,792
15,08,20,838
15,08,21,858
15,08,22,845
15,08,23,806
15,08,24,724
15,08,25,767
15,08,26,791
15,08,27,764
15,08,28,806
15,08,29,760
15,08,30,799
15,08,31,745
15,09,01,952
15,09,02,800
15,09,03,875
15,09,04,815
15,09,05,765
15,09,06,818
15,09,07,808
15,09,08,717
15,09,09,711
15,09,10,658
15,09,11,691
15,09,12,724
15,09,13,734
15,09,14,790
15,09,15,811
15,09,16,766
15,09,17,717
15,09,18,791
15,09,19,792
15,09,20,811
15,09,21,735
15,09,22,776
15,09,23,831
15,09,24,716
15,09,25,808
15,09,26,792
15,09,27,801
15,09,28,753
15,09,29,669
15,09,30,678
15,10,01,885
15,10,02,799
15,10,03,708
15,10,04,653
15,10,05,755
15,10,06,752
15,10,07,718
15,10,08,701
15,10,09,794
15,10,10,727
15,10,11,735
15,10,12,730
15,10,13,741
15,10,14,764
15,10,15,816
15,10,16,733
15,10,17,706
15,10,18,676
15,10,19,788
15,10,20,785
15,10,21,794
15,10,22,773
15,10,23,777
15,10,24,765
15,10,25,728
15,10,26,781
15,10,27,651
15,10,28,682
15,10,29,669
15,10,30,776
15,10,31,721
15,11,01,991
15,11,02,785
15,11,03,749
15,11,04,791
15,11,05,754
15,11,06,747
15,11,07,691
15,11,08,705
15,11,09,684
15,11,10,640
15,11,11,686
15,11,12,693
15,11,13,679
15,11,14,696
15,11,15,722
15,11,16,744
15,11,17,667
15,11,18,683
15,11,19,696
15,11,20,713
15,11,21,528
15,11,22,520
15,11,23,650
15,11,24,607
15,11,25,619
15,11,26,589
15,11,27,613
15,11,28,657
15,11,29,612
15,11,30,666
15,12,01,790
15,12,02,716
15,12,03,710
15,12,04,700
15,12,05,707
15,12,06,687
15,12,07,689
15,12,08,732
15,12,09,685
15,12,10,690
15,12,11,742
15,12,12,752
15,12,13,650
15,12,14,739
15,12,15,793
15,12,16,722
15,12,17,727
15,12,18,653
15,12,19,666
15,12,20,693
15,12,21,649
15,12,22,694
15,12,23,753
15,12,24,675
15,12,25,498
15,12,26,640
15,12,27,627
15,12,28,516
15,12,29,624
15,12,30,603
15,12,31,610
16,01,01,1140
16,01,02,576
16,01,03,618
16,01,04,626
16,01,05,627
16,01,06,626
16,01,07,706
16,01,08,742
16,01,09,649
16,01,10,597
16,01,11,513
16,01,12,548
16,01,13,653
16,01,14,734
16,01,15,733
16,01,16,651
16,01,17,537
16,01,18,515
16,01,19,610
16,01,20,619
16,01,21,633
16,01,22,700
16,01,23,721
16,01,24,674
16,01,25,743
16,01,26,640
16,01,27,669
16,01,28,751
16,01,29,746
16,01,30,742
16,01,31,665
16,02,01,851
16,02,02,614
16,02,03,681
16,02,04,670
16,02,05,660
16,02,06,695
16,02,07,616
16,02,08,570
16,02,09,545
16,02,10,565
16,02,11,582
16,02,12,646
16,02,13,597
16,02,14,514
16,02,15,552
16,02,16,625
16,02,17,641
16,02,18,680
16,02,19,775
16,02,20,702
16,02,21,706
16,02,22,639
16,02,23,630
16,02,24,578
16,02,25,699
16,02,26,739
16,02,27,691
16,02,28,622
16,02,29,646
16,03,01,816
16,03,02,607
16,03,03,616
16,03,04,702
16,03,05,699
16,03,06,714
16,03,07,794
16,03,08,723
16,03,09,679
16,03,10,715
16,03,11,733
16,03,12,744
16,03,13,628
16,03,14,683
16,03,15,713
16,03,16,745
16,03,17,738
16,03,18,790
16,03,19,699
16,03,20,685
16,03,21,698
16,03,22,722
16,03,23,686
16,03,24,677
16,03,25,716
16,03,26,735
16,03,27,631
16,03,28,741
16,03,29,739
16,03,30,716
16,03,31,754
16,04,01,825
16,04,02,651
16,04,03,706
16,04,04,660
16,04,05,675
16,04,06,660
16,04,07,742
16,04,08,625
16,04,09,689
16,04,10,704
16,04,11,676
16,04,12,700
16,04,13,714
16,04,14,690
16,04,15,811
16,04,16,734
16,04,17,708
16,04,18,737
16,04,19,703
16,04,20,689
16,04,21,714
16,04,22,728
16,04,23,692
16,04,24,755
16,04,25,758
16,04,26,692
16,04,27,660
16,04,28,731
16,04,29,718
16,04,30,604
16,05,01,819
16,05,02,756
16,05,03,736
16,05,04,682
16,05,05,697
16,05,06,794
16,05,07,741
16,05,08,728
16,05,09,730
16,05,10,712
16,05,11,758
16,05,12,690
16,05,13,808
16,05,14,723
16,05,15,738
16,05,16,782
16,05,17,691
16,05,18,799
16,05,19,763
16,05,20,804
16,05,21,792
16,05,22,750
16,05,23,782
16,05,24,803
16,05,25,719
16,05,26,765
16,05,27,800
16,05,28,791
16,05,29,798
16,05,30,819
16,05,31,756
16,06,01,930
16,06,02,800
16,06,03,822
16,06,04,827
16,06,05,777
16,06,06,792
16,06,07,754
16,06,08,744
16,06,09,725
16,06,10,765
16,06,11,815
16,06,12,850
16,06,13,794
16,06,14,835
16,06,15,789
16,06,16,819
16,06,17,829
16,06,18,763
16,06,19,811
16,06,20,857
16,06,21,824
16,06,22,749
16,06,23,801
16,06,24,807
16,06,25,812
16,06,26,774
16,06,27,771
16,06,28,767
16,06,29,804
16,06,30,847
16,07,01,959
16,07,02,756
16,07,03,782
16,07,04,846
16,07,05,895
16,07,06,742
16,07,07,789
16,07,08,790
16,07,09,729
16,07,10,760
16,07,11,701
16,07,12,780
16,07,13,726
16,07,14,768
16,07,15,845
16,07,16,780
16,07,17,789
16,07,18,799
16,07,19,791
16,07,20,824
16,07,21,784
16,07,22,791
16,07,23,813
16,07,24,790
16,07,25,827
16,07,26,877
16,07,27,795
16,07,28,774
16,07,29,801
16,07,30,927
16,07,31,813
16,08,01,876
16,08,02,791
16,08,03,772
16,08,04,793
16,08,05,862
16,08,06,828
16,08,07,838
16,08,08,803
16,08,09,725
16,08,10,722
16,08,11,852
16,08,12,745
16,08,13,826
16,08,14,842
16,08,15,842
16,08,16,816
16,08,17,862
16,08,18,767
16,08,19,793
16,08,20,844
16,08,21,786
16,08,22,728
16,08,23,752
16,08,24,823
16,08,25,770
16,08,26,803
16,08,27,819
16,08,28,805
16,08,29,881
16,08,30,755
16,08,31,779
16,09,01,1031
16,09,02,798
16,09,03,830
16,09,04,779
16,09,05,821
16,09,06,761
16,09,07,723
16,09,08,793
16,09,09,818
16,09,10,767
16,09,11,758
16,09,12,793
16,09,13,786
16,09,14,820
16,09,15,823
16,09,16,806
16,09,17,834
16,09,18,781
16,09,19,712
16,09,20,792
16,09,21,731
16,09,22,831
16,09,23,842
16,09,24,833
16,09,25,809
16,09,26,764
16,09,27,735
16,09,28,634
16,09,29,702
16,09,30,772
16,10,01,858
16,10,02,707
16,10,03,771
16,10,04,743
16,10,05,804
16,10,06,753
16,10,07,863
16,10,08,715
16,10,09,682
16,10,10,722
16,10,11,697
16,10,12,745
16,10,13,693
16,10,14,821
16,10,15,822
16,10,16,789
16,10,17,817
16,10,18,774
16,10,19,712
16,10,20,717
16,10,21,760
16,10,22,773
16,10,23,785
16,10,24,769
16,10,25,735
16,10,26,698
16,10,27,729
16,10,28,802
16,10,29,831
16,10,30,786
16,10,31,867
16,11,01,906
16,11,02,749
16,11,03,783
16,11,04,783
16,11,05,821
16,11,06,753
16,11,07,736
16,11,08,644
16,11,09,680
16,11,10,723
16,11,11,797
16,11,12,780
16,11,13,660
16,11,14,670
16,11,15,712
16,11,16,769
16,11,17,810
16,11,18,794
16,11,19,676
16,11,20,663
16,11,21,683
16,11,22,722
16,11,23,699
16,11,24,534
16,11,25,689
16,11,26,718
16,11,27,693
16,11,28,693
16,11,29,698
16,11,30,697
16,12,01,817
16,12,02,833
16,12,03,758
16,12,04,594
16,12,05,675
16,12,06,688
16,12,07,660
16,12,08,606
16,12,09,667
16,12,10,612
16,12,11,512
16,12,12,629
16,12,13,573
16,12,14,610
16,12,15,579
16,12,16,695
16,12,17,613
16,12,18,526
16,12,19,660
16,12,20,693
16,12,21,728
16,12,22,702
16,12,23,728
16,12,24,604
16,12,25,487
16,12,26,647
16,12,27,663
16,12,28,722
16,12,29,647
16,12,30,742
16,12,31,704
17,01,01,1187
17,01,02,613
17,01,03,717
17,01,04,612
17,01,05,610
17,01,06,600
17,01,07,618
17,01,08,589
17,01,09,713
17,01,10,705
17,01,11,661
17,01,12,644
17,01,13,799
17,01,14,685
17,01,15,656
17,01,16,652
17,01,17,704
17,01,18,706
17,01,19,738
17,01,20,783
17,01,21,786
17,01,22,742
17,01,23,789
17,01,24,735
17,01,25,748
17,01,26,674
17,01,27,784
17,01,28,729
17,01,29,633
17,01,30,756
17,01,31,733
17,02,01,843
17,02,02,670
17,02,03,668
17,02,04,638
17,02,05,695
17,02,06,762
17,02,07,692
17,02,08,666
17,02,09,668
17,02,10,744
17,02,11,704
17,02,12,677
17,02,13,718
17,02,14,711
17,02,15,673
17,02,16,671
17,02,17,828
17,02,18,745
17,02,19,674
17,02,20,710
17,02,21,678
17,02,22,702
17,02,23,653
17,02,24,660
17,02,25,598
17,02,26,576
17,02,27,633
17,02,28,631
17,03,01,737
17,03,02,628
17,03,03,673
17,03,04,633
17,03,05,661
17,03,06,683
17,03,07,681
17,03,08,667
17,03,09,676
17,03,10,665
17,03,11,657
17,03,12,553
17,03,13,541
17,03,14,472
17,03,15,606
17,03,16,667
17,03,17,709
17,03,18,674
17,03,19,604
17,03,20,694
17,03,21,649
17,03,22,647
17,03,23,665
17,03,24,778
17,03,25,695
17,03,26,702
17,03,27,722
17,03,28,673
17,03,29,670
17,03,30,690
17,03,31,777
17,04,01,825
17,04,02,690
17,04,03,694
17,04,04,712
17,04,05,633
17,04,06,668
17,04,07,703
17,04,08,695
17,04,09,761
17,04,10,682
17,04,11,703
17,04,12,726
17,04,13,665
17,04,14,773
17,04,15,817
17,04,16,686
17,04,17,752
17,04,18,735
17,04,19,758
17,04,20,713
17,04,21,814
17,04,22,701
17,04,23,703
17,04,24,736
17,04,25,757
17,04,26,758
17,04,27,716
17,04,28,832
17,04,29,615
17,04,30,656
17,05,01,860
17,05,02,689
17,05,03,739
17,05,04,741
17,05,05,797
17,05,06,713
17,05,07,629
17,05,08,705
17,05,09,707
17,05,10,663
17,05,11,734
17,05,12,847
17,05,13,724
17,05,14,712
17,05,15,870
17,05,16,747
17,05,17,834
17,05,18,775
17,05,19,776
17,05,20,664
17,05,21,791
17,05,22,795
17,05,23,737
17,05,24,761
17,05,25,763
17,05,26,767
17,05,27,800
17,05,28,705
17,05,29,768
17,05,30,814
17,05,31,738
17,06,01,881
17,06,02,841
17,06,03,823
17,06,04,820
17,06,05,736
17,06,06,824
17,06,07,787
17,06,08,769
17,06,09,816
17,06,10,784
17,06,11,813
17,06,12,740
17,06,13,807
17,06,14,769
17,06,15,823
17,06,16,835
17,06,17,825
17,06,18,786
17,06,19,745
17,06,20,802
17,06,21,786
17,06,22,819
17,06,23,777
17,06,24,819
17,06,25,797
17,06,26,787
17,06,27,771
17,06,28,707
17,06,29,776
17,06,30,778
17,07,01,930
17,07,02,780
17,07,03,863
17,07,04,796
17,07,05,858
17,07,06,778
17,07,07,758
17,07,08,759
17,07,09,822
17,07,10,779
17,07,11,769
17,07,12,690
17,07,13,818
17,07,14,798
17,07,15,888
17,07,16,812
17,07,17,843
17,07,18,791
17,07,19,768
17,07,20,760
17,07,21,757
17,07,22,755
17,07,23,842
17,07,24,781
17,07,25,849
17,07,26,752
17,07,27,790
17,07,28,851
17,07,29,800
17,07,30,818
17,07,31,792
17,08,01,957
17,08,02,774
17,08,03,848
17,08,04,924
17,08,05,927
17,08,06,865
17,08,07,773
17,08,08,768
17,08,09,769
17,08,10,790
17,08,11,765
17,08,12,812
17,08,13,730
17,08,14,815
17,08,15,795
17,08,16,795
17,08,17,768
17,08,18,859
17,08,19,892
17,08,20,775
17,08,21,754
17,08,22,780
17,08,23,747
17,08,24,801
17,08,25,772
17,08,26,780
17,08,27,755
17,08,28,688
17,08,29,724
17,08,30,787
17,08,31,735
17,09,01,918
17,09,02,770
17,09,03,757
17,09,04,716
17,09,05,704
17,09,06,648
17,09,07,728
17,09,08,702
17,09,09,735
17,09,10,739
17,09,11,691
17,09,12,726
17,09,13,706
17,09,14,734
17,09,15,808
17,09,16,826
17,09,17,812
17,09,18,772
17,09,19,708
17,09,20,827
17,09,21,806
17,09,22,797
17,09,23,830
17,09,24,810
17,09,25,820
17,09,26,748
17,09,27,725
17,09,28,716
17,09,29,809
17,09,30,745
17,10,01,850
17,10,02,752
17,10,03,738
17,10,04,742
17,10,05,747
17,10,06,748
17,10,07,711
17,10,08,717
17,10,09,746
17,10,10,703
17,10,11,617
17,10,12,765
17,10,13,768
17,10,14,647
17,10,15,639
17,10,16,761
17,10,17,719
17,10,18,774
17,10,19,772
17,10,20,848
17,10,21,814
17,10,22,738
17,10,23,739
17,10,24,688
17,10,25,714
17,10,26,753
17,10,27,818
17,10,28,716
17,10,29,696
17,10,30,708
17,10,31,757
17,11,01,818
17,11,02,722
17,11,03,789
17,11,04,754
17,11,05,773
17,11,06,717
17,11,07,677
17,11,08,758
17,11,09,654
17,11,10,678
17,11,11,688
17,11,12,665
17,11,13,718
17,11,14,698
17,11,15,708
17,11,16,763
17,11,17,738
17,11,18,696
17,11,19,690
17,11,20,762
17,11,21,672
17,11,22,655
17,11,23,543
17,11,24,683
17,11,25,714
17,11,26,664
17,11,27,773
17,11,28,783
17,11,29,771
17,11,30,750
17,12,01,912
17,12,02,757
17,12,03,675
17,12,04,809
17,12,05,710
17,12,06,712
17,12,07,625
17,12,08,735
17,12,09,659
17,12,10,664
17,12,11,739
17,12,12,684
17,12,13,700
17,12,14,718
17,12,15,766
17,12,16,772
17,12,17,729
17,12,18,726
17,12,19,763
17,12,20,704
17,12,21,747
17,12,22,784
17,12,23,713
17,12,24,502
17,12,25,394
17,12,26,524
17,12,27,523
17,12,28,601
17,12,29,574
17,12,30,621
17,12,31,541
18,01,01,918
18,01,02,559
18,01,03,574
18,01,04,601
18,01,05,663
18,01,06,585
18,01,07,533
18,01,08,619
18,01,09,652
18,01,10,718
18,01,11,700
18,01,12,706
18,01,13,617
18,01,14,564
18,01,15,528
18,01,16,614
18,01,17,649
18,01,18,626
18,01,19,708
18,01,20,729
18,01,21,717
18,01,22,724
18,01,23,718
18,01,24,613
18,01,25,641
18,01,26,763
18,01,27,754
18,01,28,671
18,01,29,652
18,01,30,635
18,01,31,708
18,02,01,733
18,02,02,674
18,02,03,627
18,02,04,512
18,02,05,542
18,02,06,588
18,02,07,542
18,02,08,556
18,02,09,505
18,02,10,534
18,02,11,537
18,02,12,572
18,02,13,642
18,02,14,660
18,02,15,698
18,02,16,662
18,02,17,604
18,02,18,586
18,02,19,625
18,02,20,644
18,02,21,639
18,02,22,677
18,02,23,671
18,02,24,681
18,02,25,655
18,02,26,625
18,02,27,691
18,02,28,646
18,03,01,822
18,03,02,691
18,03,03,664
18,03,04,648
18,03,05,664
18,03,06,653
18,03,07,656
18,03,08,660
18,03,09,745
18,03,10,683
18,03,11,618
18,03,12,661
18,03,13,638
18,03,14,664
18,03,15,690
18,03,16,702
18,03,17,777
18,03,18,688
18,03,19,659
18,03,20,712
18,03,21,688
18,03,22,670
18,03,23,752
18,03,24,648
18,03,25,676
18,03,26,696
18,03,27,673
18,03,28,689
18,03,29,629
18,03,30,704
18,03,31,690
18,04,01,730
18,04,02,674
18,04,03,605
18,04,04,698
18,04,05,671
18,04,06,695
18,04,07,635
18,04,08,617
18,04,09,661
18,04,10,712
18,04,11,769
18,04,12,751
18,04,13,781
18,04,14,689
18,04,15,602
18,04,16,733
18,04,17,699
18,04,18,626
18,04,19,724
18,04,20,803
18,04,21,677
18,04,22,698
18,04,23,716
18,04,24,713
18,04,25,750
18,04,26,733
18,04,27,772
18,04,28,679
18,04,29,725
18,04,30,789
18,05,01,1003
18,05,02,789
18,05,03,742
18,05,04,814
18,05,05,853
18,05,06,712
18,05,07,804
18,05,08,803
18,05,09,791
18,05,10,779
18,05,11,729
18,05,12,698
18,05,13,689
18,05,14,788
18,05,15,743
18,05,16,759
18,05,17,793
18,05,18,799
18,05,19,759
18,05,20,761
18,05,21,714
18,05,22,796
18,05,23,781
18,05,24,819
18,05,25,804
18,05,26,853
18,05,27,882
18,05,28,888
18,05,29,874
18,05,30,847
18,05,31,841
18,06,01,1008
18,06,02,819
18,06,03,835
18,06,04,790
18,06,05,751
18,06,06,815
18,06,07,767
18,06,08,774
18,06,09,816
18,06,10,731
18,06,11,747
18,06,12,793
18,06,13,750
18,06,14,755
18,06,15,839
18,06,16,824
18,06,17,829
18,06,18,844
18,06,19,795
18,06,20,889
18,06,21,667
18,06,22,723
18,06,23,839
18,06,24,868
18,06,25,854
18,06,26,795
18,06,27,825
18,06,28,822
18,06,29,780
18,06,30,867
18,07,01,970
18,07,02,860
18,07,03,826
18,07,04,829
18,07,05,841
18,07,06,889
18,07,07,831
18,07,08,824
18,07,09,802
18,07,10,810
18,07,11,737
18,07,12,798
18,07,13,819
18,07,14,788
18,07,15,812
18,07,16,783
18,07,17,744
18,07,18,840
18,07,19,778
18,07,20,821
18,07,21,800
18,07,22,795
18,07,23,846
18,07,24,798
18,07,25,807
18,07,26,801
18,07,27,800
18,07,28,807
18,07,29,776
18,07,30,782
18,07,31,830
18,08,01,933
18,08,02,852
18,08,03,891
18,08,04,902
18,08,05,860
18,08,06,802
18,08,07,785
18,08,08,792
18,08,09,768
18,08,10,856
18,08,11,859
18,08,12,842
18,08,13,823
18,08,14,829
18,08,15,796
18,08,16,837
18,08,17,810
18,08,18,910
18,08,19,793
18,08,20,747
18,08,21,722
18,08,22,850
18,08,23,728
18,08,24,790
18,08,25,836
18,08,26,794
18,08,27,824
18,08,28,802
18,08,29,749
18,08,30,820
18,08,31,832
18,09,01,980
18,09,02,832
18,09,03,776
18,09,04,819
18,09,05,717
18,09,06,740
18,09,07,729
18,09,08,790
18,09,09,664
18,09,10,716
18,09,11,691
18,09,12,714
18,09,13,687
18,09,14,870
18,09,15,806
18,09,16,819
18,09,17,786
18,09,18,737
18,09,19,762
18,09,20,829
18,09,21,825
18,09,22,799
18,09,23,735
18,09,24,796
18,09,25,751
18,09,26,751
18,09,27,707
18,09,28,791
18,09,29,732
18,09,30,740
18,10,01,911
18,10,02,717
18,10,03,676
18,10,04,697
18,10,05,654
18,10,06,726
18,10,07,718
18,10,08,741
18,10,09,746
18,10,10,724
18,10,11,678
18,10,12,705
18,10,13,743
18,10,14,702
18,10,15,705
18,10,16,667
18,10,17,689
18,10,18,722
18,10,19,766
18,10,20,805
18,10,21,644
18,10,22,715
18,10,23,735
18,10,24,804
18,10,25,720
18,10,26,828
18,10,27,788
18,10,28,715
18,10,29,723
18,10,30,764
18,10,31,885
18,11,01,931
18,11,02,785
18,11,03,782
18,11,04,685
18,11,05,707
18,11,06,763
18,11,07,685
18,11,08,673
18,11,09,718
18,11,10,650
18,11,11,648
18,11,12,687
18,11,13,610
18,11,14,639
18,11,15,692
18,11,16,733
18,11,17,669
18,11,18,629
18,11,19,638
18,11,20,699
18,11,21,741
18,11,22,541
18,11,23,749
18,11,24,697
18,11,25,574
18,11,26,561
18,11,27,637
18,11,28,714
18,11,29,674
18,11,30,751
18,12,01,810
18,12,02,711
18,12,03,770
18,12,04,722
18,12,05,711
18,12,06,719
18,12,07,747
18,12,08,739
18,12,09,690
18,12,10,715
18,12,11,671
18,12,12,759
18,12,13,712
18,12,14,792
18,12,15,744
18,12,16,750
18,12,17,712
18,12,18,715
18,12,19,740
18,12,20,788
18,12,21,801
18,12,22,759
18,12,23,637
18,12,24,609
18,12,25,448
18,12,26,627
18,12,27,627
18,12,28,724
18,12,29,696
18,12,30,670
18,12,31,648
19,01,01,1024
19,01,02,652
19,01,03,751
19,01,04,767
19,01,05,791
19,01,06,663
19,01,07,676
19,01,08,700
19,01,09,629
19,01,10,686
19,01,11,784
19,01,12,671
19,01,13,572
19,01,14,635
19,01,15,695
19,01,16,699
19,01,17,653
19,01,18,666
19,01,19,520
19,01,20,493
19,01,21,555
19,01,22,623
19,01,23,661
19,01,24,607
19,01,25,585
19,01,26,531
19,01,27,522
19,01,28,521
19,01,29,494
19,01,30,341
19,01,31,458
19,02,01,765
19,02,02,720
19,02,03,594
19,02,04,734
19,02,05,652
19,02,06,634
19,02,07,670
19,02,08,642
19,02,09,756
19,02,10,638
19,02,11,624
19,02,12,664
19,02,13,642
19,02,14,741
19,02,15,739
19,02,16,676
19,02,17,617
19,02,18,589
19,02,19,607
19,02,20,631
19,02,21,696
19,02,22,711
19,02,23,646
19,02,24,547
19,02,25,595
19,02,26,608
19,02,27,648
19,02,28,594
19,03,01,746
19,03,02,661
19,03,03,551
19,03,04,544
19,03,05,540
19,03,06,627
19,03,07,609
19,03,08,717
19,03,09,617
19,03,10,612
19,03,11,700
19,03,12,627
19,03,13,688
19,03,14,674
19,03,15,735
19,03,16,766
19,03,17,610
19,03,18,651
19,03,19,641
19,03,20,690
19,03,21,689
19,03,22,708
19,03,23,690
19,03,24,648
19,03,25,638
19,03,26,672
19,03,27,696
19,03,28,683
19,03,29,674
19,03,30,664
19,03,31,636
19,04,01,781
19,04,02,658
19,04,03,680
19,04,04,662
19,04,05,704
19,04,06,742
19,04,07,703
19,04,08,744
19,04,09,693
19,04,10,659
19,04,11,748
19,04,12,778
19,04,13,753
19,04,14,536
19,04,15,720
19,04,16,707
19,04,17,691
19,04,18,627
19,04,19,649
19,04,20,730
19,04,21,646
19,04,22,735
19,04,23,742
19,04,24,702
19,04,25,765
19,04,26,760
19,04,27,629
19,04,28,605
19,04,29,716
19,04,30,728
19,05,01,802
19,05,02,698
19,05,03,791
19,05,04,699
19,05,05,778
19,05,06,787
19,05,07,700
19,05,08,759
19,05,09,736
19,05,10,797
19,05,11,696
19,05,12,631
19,05,13,789
19,05,14,719
19,05,15,763
19,05,16,740
19,05,17,776
19,05,18,758
19,05,19,775
19,05,20,808
19,05,21,727
19,05,22,772
19,05,23,772
19,05,24,846
19,05,25,874
19,05,26,826
19,05,27,747
19,05,28,747
19,05,29,737
19,05,30,744
19,05,31,831
19,06,01,912
19,06,02,733
19,06,03,706
19,06,04,769
19,06,05,788
19,06,06,741
19,06,07,823
19,06,08,888
19,06,09,804
19,06,10,798
19,06,11,775
19,06,12,714
19,06,13,700
19,06,14,805
19,06,15,830
19,06,16,720
19,06,17,751
19,06,18,716
19,06,19,802
19,06,20,732
19,06,21,779
19,06,22,825
19,06,23,808
19,06,24,810
19,06,25,783
19,06,26,797
19,06,27,750
19,06,28,846
19,06,29,863
19,06,30,804
19,07,01,900
19,07,02,769
19,07,03,803
19,07,04,800
19,07,05,890
19,07,06,815
19,07,07,774
19,07,08,830
19,07,09,743
19,07,10,836
19,07,11,764
19,07,12,786
19,07,13,892
19,07,14,788
19,07,15,821
19,07,16,754
19,07,17,802
19,07,18,759
19,07,19,801
19,07,20,826
19,07,21,774
19,07,22,791
19,07,23,786
19,07,24,745
19,07,25,799
19,07,26,816
19,07,27,825
19,07,28,831
19,07,29,815
19,07,30,776
19,07,31,713
19,08,01,897
19,08,02,880
19,08,03,868
19,08,04,842
19,08,05,808
19,08,06,782
19,08,07,778
19,08,08,818
19,08,09,795
19,08,10,798
19,08,11,802
19,08,12,709
19,08,13,762
19,08,14,792
19,08,15,811
19,08,16,774
19,08,17,811
19,08,18,759
19,08,19,787
19,08,20,728
19,08,21,721
19,08,22,754
19,08,23,779
19,08,24,818
19,08,25,765
19,08,26,726
19,08,27,731
19,08,28,750
19,08,29,772
19,08,30,763
19,08,31,774
19,09,01,876
19,09,02,776
19,09,03,675
19,09,04,683
19,09,05,647
19,09,06,771
19,09,07,734
19,09,08,720
19,09,09,775
19,09,10,722
19,09,11,748
19,09,12,785
19,09,13,817
19,09,14,763
19,09,15,781
19,09,16,807
19,09,17,776
19,09,18,754
19,09,19,786
19,09,20,813
19,09,21,757
19,09,22,657
19,09,23,766
19,09,24,753
19,09,25,711
19,09,26,710
19,09,27,667
19,09,28,699
19,09,29,712
19,09,30,752
19,10,01,870
19,10,02,727
19,10,03,727
19,10,04,714
19,10,05,722
19,10,06,671
19,10,07,745
19,10,08,711
19,10,09,730
19,10,10,645
19,10,11,728
19,10,12,729
19,10,13,696
19,10,14,684
19,10,15,739
19,10,16,739
19,10,17,675
19,10,18,703
19,10,19,714
19,10,20,721
19,10,21,711
19,10,22,660
19,10,23,699
19,10,24,714
19,10,25,749
19,10,26,558
19,10,27,701
19,10,28,658
19,10,29,634
19,10,30,577
19,10,31,587
19,11,01,835
19,11,02,663
19,11,03,717
19,11,04,670
19,11,05,634
19,11,06,661
19,11,07,661
19,11,08,680
19,11,09,709
19,11,10,651
19,11,11,494
19,11,12,543
19,11,13,577
19,11,14,579
19,11,15,753
19,11,16,662
19,11,17,701
19,11,18,683
19,11,19,680
19,11,20,728
19,11,21,662
19,11,22,725
19,11,23,702
19,11,24,697
19,11,25,689
19,11,26,678
19,11,27,637
19,11,28,505
19,11,29,647
19,11,30,663
19,12,01,713
19,12,02,708
19,12,03,689
19,12,04,745
19,12,05,699
19,12,06,735
19,12,07,701
19,12,08,669
19,12,09,705
19,12,10,675
19,12,11,603
19,12,12,655
19,12,13,730
19,12,14,680
19,12,15,655
19,12,16,623
19,12,17,668
19,12,18,652
19,12,19,685
19,12,20,719
19,12,21,743
19,12,22,679
19,12,23,687
19,12,24,621
19,12,25,511
19,12,26,608
19,12,27,691
19,12,28,638
19,12,29,690
19,12,30,615
19,12,31,545
20,01,01,856
20,01,02,633
20,01,03,692
20,01,04,633
20,01,05,621
20,01,06,691
20,01,07,625
20,01,08,644
20,01,09,629
20,01,10,621
20,01,11,559
20,01,12,574
20,01,13,648
20,01,14,660
20,01,15,650
20,01,16,672
20,01,17,581
20,01,18,561
20,01,19,501
20,01,20,617
20,01,21,583
20,01,22,628
20,01,23,590
20,01,24,657
20,01,25,662
20,01,26,605
20,01,27,695
20,01,28,678
20,01,29,617
20,01,30,615
20,01,31,705
20,02,01,787
20,02,02,661
20,02,03,741
20,02,04,647
20,02,05,631
20,02,06,553
20,02,07,692
20,02,08,624
20,02,09,561
20,02,10,630
20,02,11,635
20,02,12,627
20,02,13,544
20,02,14,583
20,02,15,591
20,02,16,618
20,02,17,598
20,02,18,660
20,02,19,580
20,02,20,598
20,02,21,654
20,02,22,682
20,02,23,658
20,02,24,593
20,02,25,514
20,02,26,596
20,02,27,565
20,02,28,654
20,02,29,587
20,03,01,705
20,03,02,594
20,03,03,628
20,03,04,620
20,03,05,584
20,03,06,703
20,03,07,584
20,03,08,635
20,03,09,568
20,03,10,561
20,03,11,585
20,03,12,625
20,03,13,669
20,03,14,615
20,03,15,582
20,03,16,524
20,03,17,573
20,03,18,524
20,03,19,471
20,03,20,488
20,03,21,439
20,03,22,376
20,03,23,393
20,03,24,422
20,03,25,437
20,03,26,420
20,03,27,421
20,03,28,468
20,03,29,497
20,03,30,444
20,03,31,387
20,04,01,501
20,04,02,376
20,04,03,506
20,04,04,440
20,04,05,405
20,04,06,449
20,04,07,455
20,04,08,442
20,04,09,422
20,04,10,422
20,04,11,445
20,04,12,382
20,04,13,394
20,04,14,362
20,04,15,404
20,04,16,403
20,04,17,424
20,04,18,455
20,04,19,340
20,04,20,492
20,04,21,417
20,04,22,426
20,04,23,439
20,04,24,435
20,04,25,397
20,04,26,422
20,04,27,396
20,04,28,462
20,04,29,421
20,04,30,425
20,05,01,541
20,05,02,489
20,05,03,486
20,05,04,437
20,05,05,429
20,05,06,457
20,05,07,417
20,05,08,442
20,05,09,460
20,05,10,472
20,05,11,448
20,05,12,449
20,05,13,516
20,05,14,463
20,05,15,548
20,05,16,576
20,05,17,439
20,05,18,498
20,05,19,469
20,05,20,533
20,05,21,491
20,05,22,530
20,05,23,550
20,05,24,567
20,05,25,639
20,05,26,576
20,05,27,570
20,05,28,547
20,05,29,577
20,05,30,920
20,05,31,1895
20,06,01,867
20,06,02,676
20,06,03,623
20,06,04,528
20,06,05,539
20,06,06,525
20,06,07,552
20,06,08,524
20,06,09,493
20,06,10,496
20,06,11,549
20,06,12,603
20,06,13,501
20,06,14,536
20,06,15,572
20,06,16,548
20,06,17,597
20,06,18,593
20,06,19,591
20,06,20,652
20,06,21,591
20,06,22,667
20,06,23,574
20,06,24,577
20,06,25,610
20,06,26,552
20,06,27,578
20,06,28,621
20,06,29,552
20,06,30,566
20,07,01,665
20,07,02,633
20,07,03,680
20,07,04,740
20,07,05,707
20,07,06,629
20,07,07,546
20,07,08,551
20,07,09,552
20,07,10,668
20,07,11,627
20,07,12,596
20,07,13,663
20,07,14,595
20,07,15,596
20,07,16,590
20,07,17,652
20,07,18,648
20,07,19,622
20,07,20,640
20,07,21,621
20,07,22,604
20,07,23,564
20,07,24,622
20,07,25,642
20,07,26,632
20,07,27,613
20,07,28,620
20,07,29,614
20,07,30,597
20,07,31,622
20,08,01,640
20,08,02,566
20,08,03,598
20,08,04,537
20,08,05,574
20,08,06,602
20,08,07,590
20,08,08,660
20,08,09,645
20,08,10,935
20,08,11,589
20,08,12,594
20,08,13,634
20,08,14,633
20,08,15,620
20,08,16,662
20,08,17,636
20,08,18,609
20,08,19,621
20,08,20,630
20,08,21,644
20,08,22,640
20,08,23,622
20,08,24,636
20,08,25,626
20,08,26,640
20,08,27,585
20,08,28,659
20,08,29,641
20,08,30,657
20,08,31,688
20,09,01,608
20,09,02,566
20,09,03,566
20,09,04,642
20,09,05,668
20,09,06,642
20,09,07,593
20,09,08,537
20,09,09,532
20,09,10,563
20,09,11,653
20,09,12,559
20,09,13,578
20,09,14,584
20,09,15,592
20,09,16,615
20,09,17,525
20,09,18,572
20,09,19,585
20,09,20,586
20,09,21,553
20,09,22,537
20,09,23,624
20,09,24,568
20,09,25,666
20,09,26,622
20,09,27,654
20,09,28,538
20,09,29,511
20,09,30,570
20,10,01,557
20,10,02,540
20,10,03,600
20,10,04,580
20,10,05,563
20,10,06,588
20,10,07,599
20,10,08,547
20,10,09,647
20,10,10,658
20,10,11,641
20,10,12,560
20,10,13,584
20,10,14,624
20,10,15,626
20,10,16,554
20,10,17,609
20,10,18,549
20,10,19,519
20,10,20,536
20,10,21,573
20,10,22,594
20,10,23,556
20,10,24,544
20,10,25,632
20,10,26,535
20,10,27,501
20,10,28,529
20,10,29,569
20,10,30,605
20,10,31,613
20,11,01,594
20,11,02,569
20,11,03,586
20,11,04,630
20,11,05,623
20,11,06,645
20,11,07,599
20,11,08,572
20,11,09,597
20,11,10,569
20,11,11,458
20,11,12,492
20,11,13,499
20,11,14,435
20,11,15,467
20,11,16,481
20,11,17,462
20,11,18,453
20,11,19,480
20,11,20,569
20,11,21,488
20,11,22,440
20,11,23,468
